Sample	CBS_obs_mutations	CBS_exp_mutations	CBS_obs_exp_ratio	
BL08	42	12.88	3.26087	2.091148035
BL19	10	7.9	1.26582	1.180033256
DO45293	122	3.69	33.0623	5.090103949
DO48721	81	6.58	12.31	3.734438666
RJBNC2	111	23.74	4.67565	2.504785626
TCGA-BT-A3PJ	131	22.12	5.92224	2.791238962
TCGA-DK-A1A7	87	10.41	8.35735	3.226100017
TCGA-FD-A3N5	105	16.48	6.37136	2.881930818
TCGA-FT-A3EE	55	5.68	9.6831	3.417258441
TCGA-G3-A3CK	831	8.08	102.847	6.698315729
