Sample	CBS_obs_mutations	CBS_exp_mutations	CBS_obs_exp_ratio
BL08	821	683.95	1.20038
BL19	397	413	0.961259
DO45293	229	184.39	1.24193
DO48721	326	336.54	0.968681
RJBNC2	1426	1267.69	1.12488
TCGA-BT-A3PJ	1538	1147.39	1.34043
TCGA-DK-A1A7	607	455.28	1.33325
TCGA-FD-A3N5	1006	825.59	1.21852
TCGA-FT-A3EE	341	273.55	1.24657
TCGA-G3-A3CK	510	373.26	1.36634
